cellID,frame_id_T,area,area_bbox,area_convex,area_filled,axis_major_length,eccentricity,equivalent_diameter_area,euler_number,extent,feret_diameter_max,moments_hu-0,moments_hu-1,moments_hu-2,moments_hu-3,moments_hu-4,moments_hu-5,moments_hu-6,perimeter,perimeter_crofton,solidity,bbox-0,bbox-1,bbox-2,bbox-3,centroid-0,centroid-1,curvature_mean,curvature_std,curvature_min,curvature_max,curvature_frac_below_zero,realTime,frame_shape0,frame_shape1,track_pos0,track_pos1,number_1px_away,speed,speed_angle,N_frames_existence,directionality_ratio,displacement_norm_from_origin,displacement_norm_from_origin_squared,path_distance_from_origin
1,0,2521.0,3300.0,2606.0,2521.0,61.60530020372653,0.527031317170814,56.65542244372859,1,0.7639393939393939,64.07807737440318,0.1620453201655461,0.0006830183105357122,4.8546334704980034e-06,1.2212296570033753e-08,-2.9729784825205367e-15,1.3567695931346593e-11,5.794358643378335e-17,191.4386001800126,184.17669085930203,0.9673829623944743,183,406,243,461,212.94129313764378,434.77746925823084,-3.148421412213048,4.78249933722664,-19.002888995211354,2.1451114250630536,0.813953488372093,0,349,639,212.94129313764378,434.77746925823084,1.0,-1.0,-1.0,1.0,1.0,0.0,0.0,0.0
2,0,2081.0,2596.0,2121.0,2081.0,60.205799162324226,0.680322758944539,51.474377049109336,1,0.801617873651772,60.876925020897694,0.16734160479223764,0.0025388040080339415,2.6242290057821793e-05,4.728638560825195e-07,-1.6179981957788803e-12,-2.3327438216657725e-08,3.959089044657172e-13,170.36753236814712,164.20006592040653,0.9811409712399811,177,121,236,165,206.04997597308986,141.72993753003362,-7.03830312951523,7.883580093788181,-31.796575039248243,0.008259239678925325,0.9701492537313433,0,349,639,206.04997597308986,141.72993753003362,0.0,2.760470716985016,13.669618479214895,9.0,1.0,0.0,0.0,0.0
3,0,2347.0,2970.0,2384.0,2347.0,58.96626290981444,0.5057278254072343,54.66528342095582,1,0.7902356902356902,60.21627686929839,0.16150286121290802,0.0005608098991515468,3.980991573648219e-05,2.823144377334199e-07,7.557660928263786e-13,5.093794140001802e-09,-5.697150697186383e-13,179.4386001800126,172.7999774716798,0.9844798657718121,255,193,309,248,282.7622496804431,220.2006817213464,-7.049697171332663,4.579514800979847,-17.918799497462647,-2.30633618958777,1.0,0,349,639,282.7622496804431,220.2006817213464,0.0,5.237581399054909,199.15953417976738,11.0,1.0,0.0,0.0,0.0
5,0,2392.0,3080.0,2438.0,2392.0,57.47100980169665,0.38429356517225055,55.18685523751566,1,0.7766233766233767,58.66856057549052,0.15985718167332774,0.0001624371817546257,1.5384315532704525e-05,3.0141583199776846e-08,4.5663741565003e-15,8.47655393193426e-11,-2.0010836538410877e-14,181.095454429505,174.3707737984747,0.9811320754716981,252,284,307,340,278.70317725752506,310.9778428093646,-5.715370899094562,4.16449596120564,-17.18487080681094,-1.3316777280304353,1.0,0,349,639,278.70317725752506,310.9778428093646,1.0,4.599181254539513,130.80860128808638,11.0,1.0,0.0,0.0,0.0
7,0,2314.0,3072.0,2363.0,2314.0,64.14406922844772,0.6973993341901287,54.27961225466857,1,0.7532552083333334,65.73431371817918,0.1682095313703425,0.002921362630997405,1.174471308798643e-05,4.3814646928848475e-07,9.70532391749428e-13,2.2574902432699102e-08,-2.143318917168419e-13,181.92388155425118,175.15617196187213,0.9792636479052053,209,343,257,407,232.26145203111494,374.0401901469317,-6.023236704746298,4.548066548493203,-19.239324725761165,-1.2903958287017405,1.0,0,349,639,232.26145203111494,374.0401901469317,2.0,-1.0,-1.0,1.0,1.0,0.0,0.0,0.0
8,0,2067.0,2650.0,2119.0,2067.0,53.465936705823715,0.3868006348261406,51.30093701841694,1,0.78,55.08175741568164,0.15993962111818907,0.00016723859637163982,4.8934677060421935e-06,2.505521693926339e-08,2.356674169380324e-15,1.1116232590398096e-10,-8.450696355953698e-15,168.85281374238568,162.7640226147248,0.9754601226993865,205,251,258,301,230.74794388001936,274.8601838413159,-6.239481393815186,4.8778215538260055,-18.05483023388164,0.5764585518935608,0.9142857142857143,0,349,639,230.74794388001936,274.8601838413159,1.0,4.020279486943001,83.32910015450678,11.0,1.0,0.0,0.0,0.0
19,0,191.0,1100.0,613.0,191.0,70.0701443210783,0.9827492026286347,15.594510349620345,3,0.17363636363636364,51.19570294468082,1.6615709446974551,2.4076654942203044,0.47122661097597063,0.3829043740450131,0.162409250858467,0.51551662513133,-0.008821015742953398,93.15432893255071,101.16806669622892,0.31158238172920066,238,299,260,349,249.62303664921467,319.26178010471205,11.014841789471786,9.721197975196768,-1.3209053691237305,36.93179394471565,0.0975609756097561,0,349,639,-1.0,-1.0,3.0,12.85189280042418,114.56884252491268,2.0,1.0,0.0,0.0,0.0
2,1,2226.0,2989.0,2283.0,2226.0,62.34507072184123,0.682608117922868,53.23749831256604,1,0.7447306791569087,62.16912416947821,0.16741621858122976,0.0025858539830546853,8.55218281024121e-07,1.9521205618329445e-08,-1.974525622189881e-15,-6.361928064723096e-10,-1.569488999348946e-15,179.095454429505,172.47465490053767,0.9750328515111695,178,119,239,168,208.73225516621744,142.38230008984726,-4.541210583796733,4.184810203569516,-18.048739667531308,0.816646826439373,0.9285714285714286,1,349,639,208.73225516621744,142.38230008984726,0.0,5.154919063554444,294.562240554647,9.0,1.0,2.760470716985016,7.620198579331769,2.760470716985016
3,1,2597.0,3245.0,2634.0,2597.0,61.97917966522558,0.5054500578708375,57.50307033261109,1,0.8003081664098614,63.28506932918696,0.161278222215687,0.0005578435717933386,2.8598593454589086e-05,1.3932144830791044e-07,2.4371271186626507e-13,2.7573613962054034e-09,-1.3395195157651334e-13,187.095454429505,180.05913049228582,0.9859529233105543,250,190,305,249,277.81478629187524,218.48170966499808,-4.74245103912306,3.167291498949824,-13.019563738971488,-1.751881032897386,1.0,1,349,639,277.81478629187524,218.48170966499808,0.0,3.1773159753384057,272.79996872694596,11.0,1.0,5.237581399054909,27.432258911725974,5.237581399054909
5,1,2436.0,3074.0,2480.0,2436.0,58.714697154522774,0.4354351550441448,55.692113723352755,1,0.7924528301886793,60.41522986797286,0.160129010236727,0.0002812462391476385,1.104782143600724e-06,4.978337145125621e-09,-6.937629720022046e-17,-5.339683274738398e-11,-3.6262585088896863e-16,182.26702730475878,175.48149453301428,0.9822580645161291,250,286,303,344,275.6974548440066,314.45894909688013,-7.590289557773063,4.963211118462589,-20.08201144848509,-2.0792021049877025,1.0,1,349,639,275.6974548440066,314.45894909688013,1.0,4.248507775206092,25.599669824681232,11.0,1.0,4.599181254539513,21.152468212107646,4.599181254539513
8,1,2419.0,3127.0,2476.0,2419.0,58.467921777857796,0.42597315974893263,55.497445515215915,1,0.7735849056603774,61.40032573203501,0.16062160512342666,0.00025685490795688886,4.737671503862478e-05,2.9157657958755907e-07,6.013359388927632e-13,2.2133491797169955e-09,-9.015617078260001e-13,183.92388155425118,177.05229085980918,0.9769789983844911,203,252,262,305,231.214964861513,278.8532451426209,-6.883026999083137,7.528338507341943,-31.851090905419568,-0.030054794540424423,1.0,1,349,639,231.214964861513,278.8532451426209,1.0,2.936325699186978,222.95971310667625,11.0,1.0,4.020279486943001,16.162647153134678,4.020279486943001
10,1,2473.0,3306.0,2589.0,2473.0,61.722437253651286,0.5522015348074616,56.11346891905772,1,0.7480338777979432,63.00793600809346,0.16320391030759554,0.0008619349817604408,3.079878879832452e-05,2.843856062014205e-07,8.411850001712794e-15,5.1313141303024025e-09,8.416015831003329e-13,190.30256121069152,183.2960079208901,0.95519505600618,182,403,240,460,209.87585928022645,431.99919126566925,-5.667283654021109,5.7479055167549715,-24.29033660358029,1.924280425860911,0.8604651162790697,1,349,639,209.87585928022645,431.99919126566925,1.0,-1.0,-1.0,1.0,1.0,0.0,0.0,0.0
11,1,2315.0,3050.0,2354.0,2315.0,62.825036096145396,0.664810799929758,54.2913395125033,1,0.759016393442623,64.25729530566937,0.16602343064275027,0.002218100885118173,2.438899033524571e-06,5.9053482533112823e-08,1.490157341004201e-14,1.6504413655927214e-09,1.673932970302322e-14,179.33809511662426,172.7046926966653,0.9834324553950722,206,343,256,404,230.12483801295897,373.00086393088554,-5.223811626775716,3.8653833102883826,-15.85987283455216,-1.6645741824889615,1.0,1,349,639,230.12483801295897,373.00086393088554,1.0,-1.0,-1.0,1.0,1.0,0.0,0.0,0.0
2,2,2097.0,2700.0,2143.0,2097.0,60.85614200091464,0.6917401350093569,51.67188137962113,1,0.7766666666666666,61.39218191268331,0.16794269449608298,0.002789669393040542,1.4707827033193904e-05,3.6516653582075307e-07,2.0430014801013589e-13,2.6370643198770026e-09,8.212430796320046e-13,173.19595949289334,166.88158298174102,0.9785347643490434,182,116,242,161,210.8750596089652,137.69384835479255,-8.702184684611504,5.060600372855201,-21.630165439180026,-2.657922877514054,1.0,2,349,639,210.8750596089652,137.69384835479255,0.0,2.4424440324333285,43.823434985747745,9.0,0.7947282752936995,6.2905840685655,39.57144792369008,7.91538978053946
3,2,2333.0,2912.0,2382.0,2333.0,58.519102319712815,0.4930038447009244,54.50199865938069,1,0.8011675824175825,60.03332407921454,0.16118302492122766,0.0004971900210573009,2.0146299863575766e-05,1.7246130784789192e-07,1.860337807395298e-13,2.753106013870964e-09,2.621676477978566e-13,179.4386001800126,172.79997747167982,0.9794290512174643,252,188,304,244,277.96999571367337,215.30818688384056,-6.654702404996406,5.941188819911275,-25.24464893748848,0.7208706277012915,0.9512195121951219,2,349,639,277.96999571367337,215.30818688384056,0.0,1.7677875693081915,198.83424780847514,11.0,0.8138564336381809,6.8485183665550355,46.90220381704165,8.414897374393314
5,2,2335.0,3016.0,2384.0,2335.0,57.37055635814536,0.42670617094057023,54.525354991568875,1,0.7742042440318302,59.033888572581766,0.16015719853797578,0.0002573109127391613,8.418408821322445e-06,2.005103946468799e-08,-5.785796598156144e-15,-2.2064517867148943e-10,-5.864192230928418e-15,179.6812408671319,173.03001526780744,0.9794463087248322,254,288,306,346,279.5289079229122,316.2946466809422,-7.107879796856663,4.256648627598713,-16.943878090673987,-3.5622427587419443,1.0,2,349,639,279.5289079229122,316.2946466809422,0.0,1.5742461166549648,2.2054816132034167,11.0,0.608129670712454,5.380542216225387,28.9502345405836,8.847689029745606
8,2,2104.0,2695.0,2145.0,2104.0,54.503250171415466,0.42823348599012895,51.758052534101225,1,0.7807050092764378,56.089214649520635,0.16030321724647578,0.0002618669351124012,9.315941281873978e-06,2.9508649971126262e-08,-2.8380342457365745e-15,-2.502642268751361e-10,-1.5209153246100716e-14,170.02438661763952,163.8747433492644,0.9808857808857809,203,253,258,302,229.06606463878327,276.8521863117871,-7.800243362212836,4.513613835721055,-19.546628122374507,-1.9835925561237016,1.0,2,349,639,229.06606463878327,276.8521863117871,0.0,4.006192108630927,216.83021690535378,11.0,0.37476120058844264,2.607065711573857,6.7967916244641025,6.956605186129979
12,2,2377.0,3150.0,2433.0,2377.0,64.2391355215711,0.6787237936997274,55.01354740275782,1,0.7546031746031746,64.76109943476871,0.16702561393553422,0.002498461837217653,9.959815188479068e-07,1.5790224501951886e-08,1.1891648648337023e-15,3.586974536150763e-10,-1.5833703435429795e-15,185.92388155425118,178.94840975774622,0.9769831483764899,203,343,253,406,227.6344131257888,373.70845603702145,-4.195527450316065,3.893465472764698,-14.862283186061012,0.7192252319878653,0.9024390243902439,2,349,639,227.6344131257888,373.70845603702145,0.0,-1.0,-1.0,1.0,1.0,0.0,0.0,0.0
13,2,2269.0,2968.0,2353.0,2269.0,61.23683745643194,0.6305831847446446,53.74923745509404,1,0.764487870619946,63.60031446463138,0.16551312466205012,0.0016869864722883787,2.5342014671452918e-05,4.816125478821667e-07,1.2081054829583043e-12,1.649365255305986e-08,-1.1710876403110118e-12,186.4386001800126,179.82909269615817,0.964300892477688,182,408,238,461,209.07227853680035,433.5059497576025,-5.785956627681079,5.433276956627831,-23.08622325358062,0.12455074097946167,0.9795918367346939,2,349,639,209.07227853680035,433.5059497576025,0.0,-1.0,-1.0,1.0,1.0,0.0,0.0,0.0
2,3,2106.0,2760.0,2153.0,2106.0,60.25784724020646,0.6732243545389555,51.782646525764335,1,0.7630434782608696,61.0,0.16667648198165028,0.002385267131956809,6.739215242005707e-06,1.8342272591192178e-07,1.7423045530061819e-13,7.776327990660401e-09,1.059802698823656e-13,172.8528137423857,166.5562604105989,0.9781699953553181,183,117,243,163,212.6372269705603,139.38509021842356,-5.8989649785667275,4.186675097576508,-17.400423823281038,-1.1153076728087623,1.0,3,349,639,212.6372269705603,139.38509021842356,0.0,4.889380490303202,53.43498367567956,9.0,0.6750592614889868,6.9921516444110665,48.89018461844038,10.357833812972789
3,3,2358.0,3024.0,2406.0,2358.0,59.376173768427655,0.51884428114997,54.793237233124984,1,0.7797619047619048,60.90155991434045,0.161736362940763,0.0006328042712724761,2.3470535816871284e-05,2.1206832716831462e-07,4.718089809323632e-13,5.321598323301656e-09,-3.525409822550259e-14,179.68124086713192,173.03001526780744,0.9800498753117207,249,187,303,243,276.29686174724344,214.73748939779475,-5.9872578780997,5.129479835309548,-21.02580710165586,0.8637330389234752,0.9285714285714286,3,349,639,276.29686174724344,214.73748939779475,0.0,3.591026632048999,172.2313417069223,11.0,0.8312637743960086,8.464497119786722,71.64771149087773,10.182684943701506
5,3,2314.0,2915.0,2356.0,2314.0,56.815887898197154,0.4060248957287526,54.27961225466857,1,0.7938250428816467,58.60034129593445,0.16000234799866692,0.00020659660081572632,1.262685500623628e-06,1.3486824777676916e-09,-4.9585449965969e-17,-1.1462485615371066e-11,2.5275997363098934e-17,178.0243866176395,171.45921894101255,0.9821731748726655,255,289,308,344,281.1019878997407,316.3552290406223,-7.407681088225592,7.865854045190076,-33.94106456572089,-1.4770106144589192,1.0,3,349,639,281.1019878997407,316.3552290406223,0.0,2.945325742854177,54.80510088810394,11.0,0.5649788066465747,5.88817248196139,34.67057517732736,10.421935146400571
8,3,2170.0,2907.0,2222.0,2170.0,56.26937622163477,0.4849118027281465,52.56357876015772,1,0.7464740282077743,58.249463516842795,0.16094403264022156,0.00045981167047406827,9.922661546978267e-06,9.638848696043738e-08,8.395177832006486e-14,1.902585675005653e-09,-4.287242552556652e-14,175.09545442950497,168.68241710466356,0.9765976597659766,199,249,256,300,225.85944700460828,274.45069124423964,-7.39692833747612,7.760969565191447,-32.131352527153396,-1.0522831516069926,1.0,3,349,639,225.85944700460828,274.45069124423964,0.0,3.5621180998119226,257.32226771686476,11.0,0.44747865501063167,4.905617788613801,24.065085887964162,10.962797294760906
14,3,382.0,760.0,422.0,382.0,39.741893913460686,0.9475193630992761,22.05396803500069,1,0.5026315789473684,39.84971769034255,0.2848242490424981,0.053824489927249836,0.0007269564829844992,8.003319395833694e-05,-6.235281373284563e-09,-1.0358710992923248e-05,1.8269824426128797e-08,93.84062043356595,91.64800396044505,0.9052132701421801,224,420,244,458,234.14921465968587,439.6178010471204,-0.13269175704914898,1.30596280693133,-2.505943062827566,2.7067122221839246,0.53125,3,349,639,234.14921465968587,439.6178010471204,1.0,-1.0,-1.0,1.0,1.0,0.0,0.0,0.0
15,3,356.0,851.0,387.0,356.0,42.7026759642087,0.9667049709194423,21.290215544369623,1,0.418331374853114,42.05948168962618,0.3411034518893738,0.08950683689037357,0.0017287743062030132,0.0010455441282883466,1.403960193554075e-06,0.00030889425351371825,-6.926599245493297e-08,94.32590180780451,92.10807955270036,0.9198966408268734,214,417,237,454,224.23314606741573,436.7022471910112,-3.895446349554704,3.1472613655746664,-13.270308393186347,-0.45798459140016057,1.0,3,349,639,224.23314606741573,436.7022471910112,2.0,-1.0,-1.0,1.0,1.0,0.0,0.0,0.0
16,3,2226.0,2835.0,2273.0,2226.0,63.48026697105186,0.7099265078760163,53.23749831256604,1,0.7851851851851852,63.953107821277925,0.1692642354010635,0.003251758342334685,3.718808366365848e-06,1.1764998005898837e-07,6.85061702676553e-14,5.369467701576679e-09,-3.691631195474738e-14,178.02438661763952,171.45921894101258,0.9793224813022438,209,338,254,401,231.2978436657682,369.2650494159928,-5.131826361921949,4.224171224886988,-17.244276404165284,0.2565046373449136,0.9736842105263158,3,349,639,231.2978436657682,369.2650494159928,0.0,-1.0,-1.0,1.0,1.0,0.0,0.0,0.0
17,3,1468.0,2352.0,1641.0,1468.0,47.75854300718217,0.4894159856366522,43.23327019404407,1,0.6241496598639455,52.43090691567332,0.17095634348423175,0.0005410343034721575,0.0006380517069211341,2.287058774512623e-05,-1.9353639643156197e-09,-5.219998718190098e-07,-1.971607485403647e-09,161.1959594928933,155.5048695941188,0.894576477757465,184,408,233,456,204.22138964577655,428.6900544959128,1.935537754580693,2.571138416105043,-1.9770233985792305,9.574181123044323,0.21428571428571427,3,349,639,204.22138964577655,428.6900544959128,1.0,-1.0,-1.0,1.0,1.0,0.0,0.0,0.0
2,4,2140.0,2806.0,2184.0,2140.0,61.24571789685365,0.6859402627250991,52.198971500722585,1,0.7626514611546685,61.66036003787198,0.16755723952138823,0.0026569329104536247,1.2404387066791611e-05,2.972681609731929e-07,1.561812991828551e-13,3.9275850563154675e-09,5.49053260324845e-13,175.095454429505,168.68241710466359,0.9798534798534798,186,121,247,167,215.55,143.3121495327103,-7.821944379783058,7.371713402318725,-31.102978170297273,-0.7375061663305675,1.0,4,349,639,215.55,143.3121495327103,0.0,2.5936612315121987,15.526086104382479,9.0,0.6316485031134871,9.630880091314829,92.75385133328433,15.24721430327599
3,4,2454.0,3127.0,2507.0,2454.0,60.56235258501304,0.5188936595419448,55.897494065298574,1,0.7847777422449632,62.177166226839255,0.16167583616320258,0.0006326089370550203,2.6392407960245105e-05,2.7145421767332095e-07,4.861508649003188e-13,4.8503330404925365e-09,5.399797823392185e-13,185.4386001800126,178.48833416549093,0.9788591942560829,246,186,299,245,272.73879380603097,215.22290138549306,-6.76622360009413,4.427267057869561,-17.247419619649765,-1.7780856024771265,1.0,4,349,639,272.73879380603097,215.22290138549306,0.0,2.3270733568220674,223.24006556849793,11.0,0.8125205506224208,11.191423713643212,125.24796473829564,13.773711575750506
5,4,2245.0,2964.0,2294.0,2245.0,56.37419906363549,0.4332497166618431,53.46421960461445,1,0.7574224021592443,57.87054518492115,0.16034420092990803,0.0002758049346560904,1.745224895256513e-05,3.1721444275048736e-08,2.357105747048226e-14,4.749165215419406e-10,1.214855187689911e-15,176.50966799187808,170.0231756353308,0.9786399302528335,258,291,310,348,282.79955456570156,318.7621380846325,-6.543892133806269,4.219544182010336,-16.851297453499715,-2.3222264567737345,1.0,4,349,639,282.79955456570156,318.7621380846325,0.0,2.2988466650549655,347.089654330506,11.0,0.6580508861391957,8.7963378734279,77.37555998350207,13.367260889254748
8,4,2034.0,2700.0,2074.0,2034.0,54.330040136177146,0.47662669263205387,50.88977533838523,1,0.7533333333333333,56.08029957123981,0.1607960873464258,0.0004245527744310187,1.0302883133533661e-05,5.961725661038588e-08,2.050307016387289e-14,2.533123608661784e-10,-4.198487434404806e-14,167.095454429505,161.09794151291544,0.9807135969141755,199,246,253,296,225.07767944936086,270.9754178957719,-6.338316594715262,4.91611401104457,-20.8180078215063,-0.41785068670597547,1.0,4,349,639,225.07767944936086,270.9754178957719,0.0,3.686252522687242,3.9879619295123807,11.0,0.4732128457133219,6.873376547611046,47.24330516524954,14.524915394572828
18,4,1131.0,2070.0,1344.0,1131.0,50.00226275953115,0.7223018126898704,37.94777892176918,1,0.5463768115942029,51.31276644267,0.20424595133001114,0.0051959896317001686,0.003244405419289734,0.00026274519493254704,-1.4314347453109582e-07,-1.6469049914388857e-05,-1.9585452999282607e-07,153.46803743153546,148.57103914465492,0.8415178571428571,186,409,231,455,203.17418213969938,427.2307692307692,-3.5577252917804856,8.006572423197294,-30.614290256802008,10.221486466259961,0.7083333333333334,4,349,639,203.17418213969938,427.2307692307692,2.0,-1.0,-1.0,1.0,1.0,0.0,0.0,0.0
19,4,2129.0,2760.0,2172.0,2129.0,61.959556237762975,0.707002480330791,52.064642424020946,1,0.7713768115942029,62.03224967708329,0.16906546901944494,0.0031734061272300127,3.0028015879458442e-06,8.714704437427703e-08,-1.8315338346698307e-14,-2.2772331086256055e-09,-4.0644130632586934e-14,174.61017305526642,168.22234151240826,0.9802025782688766,206,337,252,397,228.24847346171913,366.0150305307656,-5.006293853354987,4.76829052105251,-20.096037683216508,-0.09360960185894641,1.0,4,349,639,228.24847346171913,366.0150305307656,0.0,-1.0,-1.0,2.0,1.0,51.40757120169672,2642.738376857518,51.40757120169672
20,4,263.0,416.0,286.0,263.0,28.25341224486366,0.9028681051742783,18.29923496393627,1,0.6322115384615384,28.231188426986208,0.2247614497076566,0.02391274366090288,0.0004009538823385754,4.088641525822817e-05,1.99488432621552e-09,7.778110732497962e-07,4.839994338519522e-09,69.1126983722081,68.2044637968176,0.9195804195804196,211,424,227,450,217.74144486692015,435.8783269961977,-2.164912583019205,1.5895253019197964,-6.2387725775249345,-0.2927879513030758,1.0,4,349,639,217.74144486692015,435.8783269961977,2.0,-1.0,-1.0,1.0,1.0,0.0,0.0,0.0
21,4,601.0,858.0,644.0,601.0,41.79218823748847,0.8929082458008661,27.66255531193445,1,0.7004662004662005,40.80441152620633,0.2184532180106613,0.020970986978518128,0.0003769645867968077,2.8926111698923843e-05,-2.5311744039697707e-09,-3.720614624686366e-06,1.6482871513247484e-09,106.08326112068524,103.25475514419493,0.9332298136645962,222,413,244,452,233.0765391014975,432.9600665557404,-0.51743846311147,0.9146014425468737,-2.9650095588189442,0.9250885363669986,0.6363636363636364,4,349,639,233.0765391014975,432.9600665557404,2.0,-1.0,-1.0,1.0,1.0,0.0,0.0,0.0
2,5,2183.0,2989.0,2230.0,2183.0,62.669888900410164,0.7047948323063798,52.72079216169708,1,0.7303445968551355,63.071388124885914,0.16903609799493843,0.0031198887406606716,1.240469071754595e-05,3.731545685782835e-07,7.410600845178603e-13,1.9449245514541665e-08,3.088259162038084e-13,176.75230867899737,170.25321343145845,0.9789237668161435,188,119,249,168,218.04901511681172,144.00641319285387,-4.7725283058357695,4.24227593529629,-17.172040828047763,-0.1421118135619434,1.0,5,349,639,218.04901511681172,144.00641319285387,0.0,2.6759330461817457,325.9012677927086,9.0,0.6845559953930697,12.213078310400793,149.15928181598227,17.84087553478819
3,5,2618.0,3416.0,2668.0,2618.0,61.31748804031945,0.4566319359647023,57.735094423726856,1,0.7663934426229508,63.90618123468183,0.16080250610367958,0.0003502864179103624,3.1161778123641925e-05,1.8650503651282936e-07,3.802258516797492e-13,2.5468545333047146e-09,2.3997436163278194e-13,190.75230867899734,183.52604571701775,0.9812593703148426,243,184,299,245,271.04354469060354,213.6287242169595,-5.462408950292487,3.5362404552865923,-14.203654251826746,-1.5973461924762762,1.0,5,349,639,271.04354469060354,213.6287242169595,0.0,1.9869246285598918,258.470437717163,11.0,0.8344763179957987,13.435723727375395,180.51867207835818,16.100784932572573
5,5,2358.0,3021.0,2404.0,2358.0,56.82247477096002,0.3660611340823294,54.793237233124984,1,0.7805362462760675,58.872744118140105,0.1596937684587759,0.0001315126395738883,2.423824522500445e-06,2.9340551571159935e-09,1.9251995411707205e-16,2.3046557852030136e-11,-1.554279688485098e-16,179.92388155425118,173.2600530639351,0.980865224625624,259,290,312,347,285.04028837998305,318.2485156912638,-7.239808564173446,4.964726012231282,-19.37527693592074,-2.2422638779240587,1.0,5,349,639,285.04028837998305,318.2485156912638,0.0,2.038140659404639,75.13807450079592,11.0,0.6156458303624484,9.644773793820429,93.0216615339653,15.666107554309713
8,5,2347.0,3080.0,2390.0,2347.0,59.161323420006454,0.5174188125399324,54.66528342095582,1,0.762012987012987,60.207972893961475,0.1614582427511599,0.0006226646879834692,1.7306226677516072e-05,8.036051322244816e-08,-7.018214883360082e-14,-1.2444947485727304e-09,6.36834818125771e-14,179.92388155425118,173.2600530639351,0.9820083682008368,202,244,258,299,228.7550063911376,271.23178525777587,-5.732832568772867,4.510682130632842,-17.437056246469734,-1.5100397152137366,1.0,5,349,639,228.7550063911376,271.23178525777587,0.0,4.313355857310995,60.7023833545735,11.0,0.22731629243288898,4.139695171824336,17.137076115625717,18.21116791726007
22,5,1015.0,1620.0,1260.0,1015.0,48.61026223123694,0.7604682390445885,35.949104827605794,1,0.6265432098765432,46.84015371452148,0.2068589034367284,0.007080503269629982,0.0018434781582758212,0.0001934466983813638,-8.385803703424635e-08,-9.413238873245346e-06,-7.945397161691667e-08,153.5746391493337,149.26115253303786,0.8055555555555556,208,409,244,454,226.68275862068967,430.82068965517243,-5.5596436862779655,9.24939872049837,-28.05730664489051,10.445236750798653,0.6923076923076923,5,349,639,226.68275862068967,430.82068965517243,1.0,-1.0,-1.0,1.0,1.0,0.0,0.0,0.0
23,5,2163.0,2867.0,2220.0,2163.0,62.562743043570336,0.7091805149431898,52.478730312976865,1,0.7544471573072898,62.81719509815764,0.16931488420278035,0.0032354694413853345,3.4901037202147e-06,1.3625564413549584e-07,8.88114263618543e-14,6.696555473809552e-09,-3.0681163061125796e-14,179.26702730475878,173.03001526780747,0.9743243243243244,207,334,254,395,230.13684697179843,364.09153952843275,-4.89358448730226,4.521152545721047,-18.37756259300406,-0.597030840276305,1.0,5,349,639,230.13684697179843,364.09153952843275,0.0,-1.0,-1.0,1.0,1.0,0.0,0.0,0.0
24,5,817.0,1056.0,858.0,817.0,33.006581778350764,0.23885009888647932,32.252700786889584,1,0.7736742424242424,35.510561809129406,0.1619275805668249,2.2605797068820432e-05,0.00018388325229238723,3.6101966128611484e-07,-2.4751729300005834e-12,-1.6510341020709183e-09,1.5893024032924265e-12,110.08326112068522,107.046992940069,0.9522144522144522,181,413,213,446,197.4418604651163,428.374541003672,-8.528880003077973,7.257715053897727,-28.36054087885108,-0.8516355993089404,1.0,5,349,639,197.4418604651163,428.374541003672,1.0,-1.0,-1.0,1.0,1.0,0.0,0.0,0.0
2,6,2167.0,2940.0,2201.0,2167.0,63.050522793538406,0.7188776486800508,52.527231922509465,1,0.7370748299319728,64.07807737440318,0.1700601576064825,0.0035108874137413136,1.4164419114368214e-05,6.092125841425942e-07,1.3839982875119545e-12,2.5881902923331814e-08,1.1345344438008102e-12,174.75230867899737,168.35709453352143,0.9845524761472059,191,118,251,167,220.26488232579604,142.50622981079835,-4.676907910053712,3.6396492304583212,-13.911083319347128,-0.9201972980138164,1.0,6,349,639,220.26488232579604,142.50622981079835,0.0,2.7277246370788384,346.75604458589305,9.0,0.6938743723181476,14.236087676092101,202.6661923213814,20.516808580969936
3,6,2452.0,3127.0,2502.0,2452.0,59.336934255508325,0.45978461993758635,55.874711307447654,1,0.7841381515829869,61.032778078668514,0.160517551081448,0.0003599459389550955,5.474945230827326e-06,2.793343423074039e-08,1.0591888455059896e-14,5.235482335586318e-10,-2.6725943755095678e-15,184.26702730475878,177.37761343095133,0.9800159872102319,245,183,298,242,270.6464110929853,211.68189233278957,-6.609325923487524,5.083984481323254,-20.60440497091762,-2.2918879121009925,1.0,6,349,639,270.6464110929853,211.68189233278957,0.0,2.100971795828574,274.4054084819651,11.0,0.8188388255990924,14.810918854815181,219.36331732391983,18.087709561132463
5,6,2490.0,3300.0,2547.0,2490.0,59.432166617360174,0.43841549884927944,56.30600737390776,1,0.7545454545454545,61.18823416311342,0.1602773747204103,0.00029039637291135897,6.032712907142025e-06,9.985928075291987e-09,-8.9716440310564e-16,-1.0970078694332682e-10,-2.28087202564122e-15,189.095454429505,181.95524939022283,0.9776207302709069,259,291,314,351,285.56305220883536,320.21847389558235,-5.8025203487800585,4.582094511640346,-17.792839847910827,-1.465563833632738,1.0,6,349,639,285.56305220883536,320.21847389558235,0.0,4.450407993494452,323.8212614048964,11.0,0.6500455872069668,11.508568426141839,132.44714721918885,17.70424821371435
8,6,2279.0,2970.0,2330.0,2279.0,58.01818466728947,0.503656664667786,53.86754980924449,1,0.7673400673400673,59.36328831862332,0.16120936602238423,0.0005483606329502253,3.66541133005022e-06,3.078890490193977e-08,-9.371547216052414e-16,6.525448394492201e-11,1.0300604027376166e-14,180.50966799187808,173.8154134312049,0.9781115879828326,205,247,259,302,230.86573058358928,274.99341816586224,-7.361749700247557,8.36134640370867,-36.578211148556264,-1.737785402756363,1.0,6,349,639,230.86573058358928,274.99341816586224,0.0,2.5387944789983856,152.07343465514265,11.0,0.007895148197796192,0.17783445328502223,0.03162509277518275,22.524523774571065
25,6,1201.0,1710.0,1275.0,1201.0,43.275308429853624,0.5514915399908513,39.1044843109704,1,0.7023391812865497,47.53945729601885,0.16527478574714635,0.0008785978291025135,0.00029353814014154646,3.651290934066005e-06,-1.9787032857864473e-11,-2.5692539502598453e-08,-1.1788782694030567e-10,137.84671708797583,134.74284649182584,0.9419607843137255,181,402,219,447,200.22064945878435,425.09575353871776,-7.3193549091613885,8.802257209235666,-32.336300662240745,4.0637264040747825,0.8947368421052632,6,349,639,200.22064945878435,425.09575353871776,1.0,-1.0,-1.0,1.0,1.0,0.0,0.0,0.0
26,6,2362.0,3149.0,2412.0,2362.0,65.83548024360547,0.7188287007961908,54.83969187244267,1,0.7500793902826294,67.47592163134935,0.1701158706767191,0.003511898176449979,1.5804479651368604e-05,4.1260811663325817e-07,-7.271420234383004e-13,-1.8942563578843062e-08,7.625252401364071e-13,184.7523086789974,177.83768902320665,0.9792703150912107,210,328,257,395,233.2718035563082,360.47036409822186,-4.848789542138634,4.87659466446396,-21.356860797276774,-0.027335865065520226,1.0,6,349,639,233.2718035563082,360.47036409822186,0.0,-1.0,-1.0,1.0,1.0,0.0,0.0,0.0
27,6,1463.0,2040.0,1541.0,1463.0,50.26005850241103,0.6485429722219408,43.15958125315331,1,0.717156862745098,51.78802950489621,0.17044003247065967,0.002060242642177363,0.0004434390905168269,1.0951926908000587e-05,-6.260044319049541e-10,-4.1293348434077725e-07,-4.3661356089028063e-10,152.36753236814712,147.13499583897317,0.9493835171966256,215,396,255,447,234.01708817498292,421.00273410799724,-1.839840532117784,5.859387873304865,-18.111479670020767,6.364099728692783,0.5909090909090909,6,349,639,234.01708817498292,421.00273410799724,1.0,-1.0,-1.0,1.0,1.0,0.0,0.0,0.0
2,7,2039.0,2891.0,2107.0,2039.0,63.23694851098684,0.7576776975113434,50.952285834052596,1,0.7052922864060879,63.51377803280167,0.17478378285291327,0.004951618972515427,3.7153643225177746e-05,1.326603817477778e-06,-8.635616947969078e-12,-9.056093947187879e-08,3.4881602181870582e-12,175.095454429505,168.68241710466356,0.9677266255339345,200,112,249,171,222.92005885237862,141.88131436978912,-6.607202028271153,7.4053365489819445,-33.94654402216544,2.4492665106169382,0.9120879120879121,7,349,639,222.92005885237862,141.88131436978912,0.0,4.343870871155633,37.11172672340427,9.0,0.7257948295484083,16.870762024926027,284.6226113016861,23.244533218048776
3,7,2284.0,3021.0,2327.0,2284.0,55.94072429183635,0.3635481061999735,53.926608647078034,1,0.7560410460112545,58.05170109479997,0.15994772951046188,0.00012809368585858438,2.0087973004050082e-05,1.0340098887499865e-08,1.2966660255062175e-15,-1.2516379697266669e-11,-4.530639607188022e-15,176.75230867899737,170.25321343145848,0.9815212720240654,246,182,299,239,270.80779334500875,209.58712784588442,-7.42123454357174,5.006868561730134,-20.61944012414243,-2.620474028116119,1.0,7,349,639,270.80779334500875,209.58712784588442,0.0,4.130122674628714,205.76516096694286,11.0,0.7918365724563846,15.986136248110139,255.5565521431409,20.188681356961037
5,7,1970.0,2700.0,2014.0,1970.0,52.67101765337076,0.41746482739046564,50.08275055473961,1,0.7296296296296296,54.91812087098393,0.16069121140328932,0.00023528486051189302,4.6277215704355064e-05,8.661398934938858e-08,7.134133154686898e-14,1.134629676055292e-09,-1.5805148021346306e-13,165.3380951166243,159.43186041110602,0.9781529294935452,266,291,316,345,289.1553299492386,317.5913705583756,-7.098307111398709,7.765725037308273,-32.963994960307616,-0.0749945926585403,1.0,7,349,639,289.1553299492386,317.5913705583756,0.0,4.240799614445949,326.72089870772953,11.0,0.5582917082053191,12.36876085862418,152.98624517783355,22.154656207208802
8,7,1913.0,2646.0,1956.0,1913.0,52.77477062920816,0.4811268720783045,49.352884911404786,1,0.7229780801209372,55.54277630799526,0.16092628238234846,0.0004436842049797031,4.841290693922314e-06,8.822056225397382e-09,-1.0725432990397376e-16,-1.5890173198899447e-10,1.820046718578171e-15,163.3380951166243,157.535741513169,0.9780163599182005,205,249,254,303,228.62258233141662,276.18243596445376,-8.340609389109835,8.242932116937082,-34.33141669429694,-2.362415050751805,1.0,7,349,639,228.62258233141662,276.18243596445376,0.0,5.870464144850563,114.64129411963519,11.0,0.09987107572395466,2.50310055519581,6.2655123894215725,25.063318253569452
28,7,1276.0,1804.0,1321.0,1276.0,47.59900617528189,0.68974831591584,40.306992682189374,1,0.7073170731707317,49.39635614091387,0.16915332399270172,0.0027874868135009077,0.00012541555244462697,5.2873765053525234e-06,1.334991651107829e-10,2.655594199487943e-07,-2.6765030096068047e-11,137.29646455628165,132.8467275938888,0.9659348978046934,215,405,256,449,234.52351097178683,426.90752351097177,-4.767401685937929,4.197181691691769,-16.472425508908515,1.3027106338854708,0.8974358974358975,7,349,639,234.52351097178683,426.90752351097177,0.0,-1.0,-1.0,1.0,1.0,0.0,0.0,0.0
29,7,1949.0,2436.0,1995.0,1949.0,59.52534202461878,0.7119063841304722,49.81509683508437,1,0.8000821018062397,59.665735560705194,0.16966288453914175,0.0033161602148328822,1.3508716032077204e-05,4.105193026569206e-07,6.871221233488156e-13,1.5991055939126484e-08,-6.800291236686183e-13,166.71067811865476,160.7331506956746,0.9769423558897243,213,330,255,388,233.3991790661878,359.3658286300667,-6.597248124206663,7.680747024061033,-29.95495397363989,0.6001363473438525,0.9375,7,349,639,233.3991790661878,359.3658286300667,0.0,-1.0,-1.0,1.0,1.0,0.0,0.0,0.0
30,7,1244.0,1702.0,1269.0,1244.0,48.475235761484754,0.7378597330852473,39.79836672089123,1,0.7309048178613397,49.76946855251722,0.1718424708490437,0.004131371369494591,5.66758698004934e-06,1.899474675263523e-07,2.8864425516726733e-14,4.0269344961070176e-11,1.9495791477929816e-13,132.12489168102786,127.94376906347513,0.9802994483845547,177,396,214,442,195.31752411575562,418.2162379421222,-6.987986127561443,3.8728690587456254,-16.125828758392405,-3.6084288674346903,1.0,7,349,639,195.31752411575562,418.2162379421222,0.0,-1.0,-1.0,1.0,1.0,0.0,0.0,0.0
2,8,2192.0,3190.0,2255.0,2192.0,66.75108381836549,0.7752394160951205,52.829358145442924,1,0.6871473354231975,66.61080993352356,0.1777358435354546,0.005829826158675659,6.931746936623091e-05,2.4529017026787286e-06,-3.1608199031798886e-11,-1.8726421734766769e-07,4.892792610506023e-12,180.99494936611663,174.2754890234602,0.9720620842572062,199,116,257,171,226.38412408759123,144.5022810218978,-2.9102860609044483,3.372322069863032,-9.93019422081581,2.438278346216128,0.7727272727272727,8,349,639,226.38412408759123,144.5022810218978,0.0,-1.0,-1.0,9.0,0.7438729528042911,20.522267612994465,421.16346797936154,27.58840408920441
3,8,2277.0,3024.0,2322.0,2277.0,54.579216712731174,0.2188489714313432,53.84390813603676,1,0.7529761904761905,57.271284253105414,0.15961539840949007,1.5336321609552646e-05,2.4875235129928672e-05,4.978390372569095e-09,-1.4120700976606218e-15,7.415379059082383e-12,-1.0369766532200694e-15,176.75230867899737,170.25321343145848,0.9806201550387597,240,182,296,236,267.0882740447958,207.79183135704875,-6.390017049131734,4.074540700821899,-16.99663009802552,-1.8120039974572921,1.0,8,349,639,267.0882740447958,207.79183135704875,0.0,2.2420138190492627,287.70468657766514,11.0,0.8220521487178343,19.991325108416284,399.65307959039535,24.31880403158975
5,8,2088.0,2601.0,2129.0,2088.0,54.40818974449899,0.43020559467463254,51.56087828389873,1,0.8027681660899654,56.4003546088143,0.1608186141266138,0.00026894307579308297,5.584513527551671e-05,4.884082799976193e-08,-1.317642721493029e-14,-5.725227586765713e-10,-7.95781786111791e-14,169.53910524340094,163.41466775700908,0.9807421324565524,267,291,318,342,292.70067049808426,315.264367816092,-5.992719005117978,3.8838734703493056,-16.002520110816878,-2.3815877176863545,1.0,8,349,639,292.70067049808426,315.264367816092,0.0,2.169110789754063,261.92210025086496,11.0,0.5546079460676367,14.639129538766985,214.30411365280008,26.39545582165475
8,8,1966.0,2544.0,2021.0,1966.0,53.48142792813711,0.4665628916608756,50.03187928660416,1,0.7727987421383647,55.362442142665635,0.16206451939901467,0.0003917831560274636,0.00012029039822253073,8.809846047038439e-07,1.8089022995971322e-12,8.63020210433795e-09,-8.886949702294513e-12,165.7817459305202,159.85246775726267,0.9727857496288966,203,254,251,307,226.17497456765005,281.51831129196336,-6.7592099542325785,4.789701314424393,-19.481871440429586,-2.449126682756104,1.0,8,349,639,226.17497456765005,281.51831129196336,0.0,5.028710902847841,112.47309221252881,11.0,0.26111568970974686,8.077295926294669,65.24270948093645,30.933782398420014
31,8,1253.0,1677.0,1301.0,1253.0,45.6001656061368,0.6296810903316767,39.94207242436425,1,0.7471675611210495,48.877397639399746,0.16631492238582574,0.001691243645609898,0.00010334813213074358,4.8080788033992245e-06,1.0712934319616956e-10,1.951096474213114e-07,3.2539130140985103e-12,134.2253967444162,129.93517273642664,0.9631053036126057,222,403,261,446,239.75099760574622,423.9824421388667,-5.80102725165239,5.047512619296425,-19.474536382762857,1.4854467258608803,0.8947368421052632,8,349,639,239.75099760574622,423.9824421388667,0.0,-1.0,-1.0,1.0,1.0,0.0,0.0,0.0
32,8,1901.0,2494.0,1946.0,1901.0,57.58180718162767,0.6815965398129317,49.197849287764036,1,0.7622293504410586,58.309518948453004,0.16737763114664053,0.0025647584699457003,2.0710612373123493e-05,5.836698908172498e-07,1.65777897010068e-12,2.238227291961982e-08,-1.1704055675024314e-12,164.02438661763952,158.18638665545328,0.9768756423432683,210,328,253,386,231.57916885849554,356.9784324039979,-6.600793607527889,5.153109344451635,-22.053125309486077,-1.4888329152785689,1.0,8,349,639,231.57916885849554,356.9784324039979,0.0,-1.0,-1.0,1.0,1.0,0.0,0.0,0.0
33,8,1235.0,1665.0,1268.0,1235.0,46.968234949537916,0.6987679461379167,39.65414023463283,1,0.7417417417417418,48.30113870293329,0.16876946077445398,0.0029714948246038447,2.4097939880761354e-05,1.074982288162932e-06,4.213805408818977e-12,3.995727919037625e-08,3.4898652812710392e-12,132.46803743153546,128.26909163461727,0.9739747634069401,174,402,219,439,195.90526315789472,420.4485829959514,-6.989178926986327,4.858616564300509,-19.989322665685624,-1.623667703431505,1.0,8,349,639,195.90526315789472,420.4485829959514,0.0,-1.0,-1.0,1.0,1.0,0.0,0.0,0.0
3,9,2314.0,2968.0,2357.0,2314.0,54.712252900165794,0.1398233972944485,54.27961225466857,1,0.7796495956873315,57.4543296888929,0.16012148667854179,2.4985676818190902e-06,6.0183673082632235e-05,3.1184302557570654e-08,-4.237577719025678e-14,4.2989403986718714e-11,-5.421628688425963e-15,178.85281374238568,172.24461710441,0.9817564700890963,240,180,296,233,267.7700950734659,205.65600691443387,-7.154190848833786,4.256663743364791,-16.40769986634047,-2.77451573935056,1.0,9,349,639,267.7700950734659,205.65600691443387,0.0,5.393222960301227,304.7183544119632,11.0,0.786424920629751,20.888089070050057,436.3122649983447,26.560817850639012
5,9,2372.0,3024.0,2419.0,2372.0,56.91448024207883,0.35752610918550676,54.95565667073596,1,0.7843915343915344,58.180752831155424,0.1597928494932454,0.0001190290075303903,1.8947604399045335e-05,1.2023078608054138e-08,-2.51287787046727e-15,-6.024069631998279e-11,-5.159086700609104e-15,180.8528137423857,174.14073600234704,0.9805704836709384,264,287,320,341,292.39586846543,313.11677908937605,-5.942685098254088,4.287833328784794,-17.244733660919486,-1.9681981378019362,1.0,9,349,639,292.39586846543,313.11677908937605,0.0,3.3514248669221955,187.78547580175427,11.0,0.4851726335260379,13.858746008387147,192.06484092498667,28.564566611408814
8,9,2180.0,2805.0,2245.0,2180.0,55.01627376323195,0.36954263173427065,52.68455378498194,1,0.7771836007130125,57.56735185849702,0.16170404089406487,0.00014043324347852855,0.0001633602008470521,2.4960052483024873e-07,9.28645350847339e-13,2.830606867669376e-09,-1.2953395510419795e-12,175.19595949289334,168.77770187967806,0.9710467706013363,201,258,252,313,224.25275229357797,286.1651376146789,-6.1495688817565215,4.130422832312405,-17.096544906864082,-1.0216644774591361,1.0,9,349,639,224.25275229357797,286.1651376146789,0.0,3.7037714058357394,139.11255683577835,11.0,0.36254443738005554,13.038001900692171,169.98949356245265,35.962493301267855
34,9,1534.0,2184.0,1583.0,1534.0,52.42104554935053,0.698523049001937,44.1944505749731,1,0.7023809523809523,53.75872022286245,0.16929207733607715,0.0029843860043835537,0.00010228693502314003,2.675248717409536e-06,1.8999512909841135e-11,4.550678062268386e-08,-3.9968353463769756e-11,150.02438661763952,144.913554369894,0.969046114971573,223,394,265,446,242.7470664928292,419.72359843546286,-7.086497653733131,7.815312631793679,-30.46247110817137,0.36911288992556196,0.9464285714285714,9,349,639,242.7470664928292,419.72359843546286,0.0,-1.0,-1.0,1.0,1.0,0.0,0.0,0.0
35,9,1221.0,1800.0,1252.0,1221.0,48.45047378790134,0.7403148976139204,39.42873931692001,1,0.6783333333333333,51.19570294468082,0.17446456867159676,0.004336973571562402,0.00019595794590728538,1.5750505170702114e-05,7.633826249725745e-10,8.542895500558339e-07,-4.2769764067310774e-10,135.4386001800126,131.08536171706493,0.9752396166134185,212,139,262,175,239.03276003276002,157.75757575757575,-3.143757361921137,2.5739384202994695,-10.024239794857522,0.11015394273594716,0.9117647058823529,9,349,639,239.03276003276002,157.75757575757575,1.0,3.7192905158594187,0.09130098621094995,2.0,1.0,0.0,0.0,0.0
36,9,2278.0,2968.0,2317.0,2278.0,61.18219351080804,0.6298447782759307,53.855730269923,1,0.7675202156334232,62.26556030423239,0.16466070586501186,0.0016599190196300666,3.163493280283871e-05,4.696581636624225e-07,2.565122384524996e-13,-1.9846950675112254e-10,-1.7920585630032408e-12,179.3380951166243,172.7046926966653,0.9831678895123004,207,330,260,386,232.5083406496927,357.09174714661987,-6.0283441152611825,4.762944865987901,-20.06787933610498,-1.5820640897642866,1.0,9,349,639,232.5083406496927,357.09174714661987,0.0,-1.0,-1.0,1.0,1.0,0.0,0.0,0.0
37,9,923.0,1444.0,957.0,923.0,39.2646680564578,0.6079340305079307,34.28119163317628,1,0.639196675900277,40.162171256046406,0.17020827198852514,0.0014886416733034555,0.0006243612960163646,1.3209833243041922e-05,-1.027716492270217e-09,-4.107499886830065e-07,-6.188872608366687e-10,118.12489168102783,114.67093677791584,0.9644723092998955,200,124,238,162,216.4593716143012,139.68797399783315,-9.091042598887283,8.679084681931245,-34.36875859948014,-0.04559394664123602,1.0,9,349,639,216.4593716143012,139.68797399783315,1.0,4.018102956162136,60.57610265677297,2.0,1.0,0.0,0.0,0.0
38,9,1495.0,2050.0,1523.0,1495.0,52.78158778819368,0.729143558395491,43.62903986313552,1,0.7292682926829268,53.31041174104736,0.17101461076935717,0.0038340663603252433,6.815346189487304e-06,3.7335758923590327e-07,5.687115101733862e-13,2.1212228584086728e-08,1.7682927678154133e-13,145.1959594928933,140.33591841062247,0.9816152330925805,178,397,219,447,198.08494983277592,421.7926421404682,-6.1830780937107,4.151657539194697,-17.59109926548703,-0.9146676307383815,1.0,9,349,639,198.08494983277592,421.7926421404682,0.0,-1.0,-1.0,1.0,1.0,0.0,0.0,0.0
3,10,2332.0,3009.0,2397.0,2332.0,61.322366030812084,0.6048391449301631,54.49031673905373,1,0.775008308408109,61.465437442517235,0.16469727248243948,0.0013593713669512292,8.566248345193443e-05,1.4346708073915265e-06,-1.9638321244569238e-12,-3.821628111976895e-09,1.5782927365150744e-11,182.0243866176395,175.25145673688664,0.9728827701293283,245,172,296,231,270.84176672384217,201.2229845626072,-4.049994547425695,4.331144787354123,-18.200248985518492,0.9563369816265765,0.9069767441860465,10,349,639,270.84176672384217,201.2229845626072,0.0,-1.0,-1.0,11.0,0.7013496389460033,22.41095498561879,502.2509033674317,31.95404081094024
5,10,2230.0,2805.0,2267.0,2230.0,55.58368243587276,0.38738919168769576,53.28530927713015,1,0.7950089126559715,56.753854494650845,0.16018615983834172,0.00016886108248375544,4.797309955272986e-05,6.675313890307138e-08,-3.112627051013446e-14,-1.1066493220215874e-10,1.1532905095343118e-13,174.02438661763952,167.66698114513846,0.9836788707543008,261,288,316,339,289.07533632286993,312.6627802690583,-6.288719670463135,4.212286925293012,-16.711009512908653,-3.0823737354160494,1.0,10,349,639,289.07533632286993,312.6627802690583,0.0,-1.0,-1.0,11.0,0.3292432677723616,10.508125328520547,110.42069791989506,31.91599147833101
8,10,2083.0,2805.0,2141.0,2083.0,53.59935031480441,0.36479707899894454,51.499106513446854,1,0.742602495543672,56.293871780150276,0.16092970896997907,0.00013159064203808064,9.291174502917206e-05,9.428955670491428e-08,1.0439988946573222e-13,1.0776457129978535e-09,-2.588185106844166e-13,170.50966799187808,164.3348189415197,0.9729098552078468,198,261,249,316,221.45271243398943,288.5895343254921,-7.417504896630858,4.736895099881023,-18.948360736502096,-2.6946849629910012,1.0,10,349,639,221.45271243398943,288.5895343254921,0.0,-1.0,-1.0,11.0,0.4179874231114561,16.57999976937913,274.89639235261194,39.66626470710359
35,10,1222.0,1862.0,1267.0,1222.0,47.63413119870193,0.7138843536188844,39.44488209725527,1,0.6562835660580022,51.24451190127583,0.17295740267419082,0.003497857164232448,0.0002568500289771938,1.7644411837131457e-05,8.268200104531863e-10,6.086245595588167e-07,-8.528099034205518e-10,136.02438661763952,131.6407220843347,0.9644830307813733,216,138,265,176,242.75204582651392,157.76350245499182,-8.012320497693818,7.970917582234158,-30.892248462691004,0.4569233661699942,0.8888888888888888,10,349,639,242.75204582651392,157.76350245499182,1.0,-1.0,-1.0,2.0,1.0,3.7192905158594187,13.83312194136182,3.7192905158594187
37,10,900.0,1369.0,934.0,900.0,39.44320166383116,0.6354359030641383,33.851375012865375,1,0.6574141709276844,40.718546143004666,0.17245464883401918,0.0019030519932250634,0.0006939400084534566,1.7365698171771177e-05,-1.074977254212827e-09,-3.9098315069202255e-07,-1.5743376236438748e-09,115.88225099390857,112.54478008385117,0.9635974304068522,202,128,239,165,218.43333333333334,143.18777777777777,1.036133951802193,1.3828966866796002,-0.5759700048823605,4.290734922651949,0.28,10,349,639,218.43333333333334,143.18777777777777,1.0,-1.0,-1.0,2.0,1.0,4.018102956162136,16.145151366318895,4.018102956162136
39,10,1419.0,1935.0,1458.0,1419.0,49.186872811491035,0.6642494128357092,42.505610382385946,1,0.7333333333333333,50.0,0.16610352224150768,0.0022106338127244134,2.2595306517090767e-06,4.970697689588186e-08,-1.6860342374879438e-15,-7.514132023416703e-10,-1.657292835861873e-14,142.12489168102786,137.42436355316033,0.9732510288065843,174,401,217,446,194.4446793516561,422.87315010570825,-7.996731154864819,7.642508034833589,-32.93624945106435,-2.0050897431826535,1.0,10,349,639,194.4446793516561,422.87315010570825,0.0,-1.0,-1.0,1.0,1.0,0.0,0.0,0.0
40,10,1775.0,2550.0,1821.0,1775.0,56.59358022665291,0.7024833640422121,47.53945931439391,1,0.696078431372549,56.08029957123981,0.169898705767635,0.0030972493620030966,0.00010702594682879362,3.13456935528858e-06,3.278732933738208e-11,1.0808168519060615e-07,4.713025210754179e-11,159.92388155425118,154.29886408456468,0.9747391543108183,208,336,258,387,231.22704225352112,360.62591549295774,-4.994783244530846,4.6743828800901825,-18.33520273550292,-0.23765175266894967,1.0,10,349,639,231.22704225352112,360.62591549295774,0.0,-1.0,-1.0,1.0,1.0,0.0,0.0,0.0
41,10,1460.0,1920.0,1495.0,1460.0,50.91403120488003,0.6943021085714663,43.115307436145436,1,0.7604166666666666,52.478567053607705,0.16844496994989938,0.0028615293025030302,4.9589772817673804e-05,2.019949106505072e-06,1.9925649628995002e-11,1.0397497224934814e-07,3.4171235753862763e-12,143.88225099390857,139.0904446549697,0.9765886287625418,222,395,262,443,240.3,417.98561643835615,-5.762465238286404,3.644382977025091,-14.623654126473099,-2.763623477722451,1.0,10,349,639,240.3,417.98561643835615,0.0,-1.0,-1.0,1.0,1.0,0.0,0.0,0.0
